股票代码,截止日期,股票名称,行业,上市时间,市盈率-动态,市净率,总市值,流通市值
603296,2023-08-08,华勤技术,消费电子,20230808,21.85,3.63,90278290735.0,50766341525.0
688472,2023-06-09,阿特斯,光伏设备,20230609,39.51,2.22,52096903602.0,19271457791.0
601059,2023-02-01,信达证券,证券,20230201,31.93,2.83,57628110000.0,57628110000.0
688506,2023-01-06,百利天恒,生物制品,20230106,-179.71,16.52,118494785479.0,115087000000.0
601136,2022-12-22,首创证券,证券,20221222,45.64,3.56,48899341682.0,48899341682.0
688271,2022-08-22,联影医疗,医疗器械,20220822,69.52,4.99,103843906488.0,103843906488.0
301269,2022-07-29,华大九天,软件开发,20220729,4769.28,11.09,57614574533.0,57614574533.0
688041,2022-08-12,海光信息,半导体,20220812,230.24,27.76,602143025854.0,602143025854.0
600938,2022-04-21,中国海油,石油行业,20220421,12.02,2.08,1634555117510.0,102826100000.0
688223,2022-01-26,晶科能源,光伏设备,20220126,-14.53,2.7,75939498428.0,75939498428.0
001289,2022-01-24,龙源电力,电力行业,20220124,22.22,1.73,130162337673.0,78502914933.0
600941,2022-01-05,中国移动,通信服务,20220105,13.04,1.47,2005110321737.0,83605332163.0
688082,2021-11-18,盛美上海,半导体,20211118,51.03,6.48,86146364794.0,78290901712.0
601868,2021-09-28,中国能建,工程建设,20210928,23.68,0.91,99641881090.0,77504659050.0
688187,2021-09-07,时代电气,交运设备,20210907,19.12,1.85,78489418214.0,50222854194.0
601728,2021-08-20,中国电信,通信服务,20210820,12.65,1.13,518845476423.0,440160561723.0
688303,2021-07-22,大全能源,光伏设备,20210722,-35.25,1.29,50433786571.0,50433786571.0
600905,2021-06-10,三峡能源,电力行业,20210610,20.28,1.31,116637612579.0,116637612579.0
605499,2021-05-27,东鹏饮料,食品饮料,20210527,29.62,16.88,148527087920.0,137699442400.0
300979,2021-04-26,华利集团,纺织服装,20210426,17.36,3.62,56377770000.0,56377277238.0
605117,2021-04-20,德业股份,光伏设备,20210420,27.48,8.98,85979985469.0,85979985469.0
601995,2020-11-02,中金公司,证券,20201102,19.13,1.72,167457540751.0,101417687244.0
300999,2020-10-15,金龙鱼,食品饮料,20201015,43.43,1.65,159177927497.0,15932118768.0
300896,2020-09-28,爱美客,美容护理,20200928,30.15,5.95,43948470940.0,30295839627.0
688256,2020-07-20,寒武纪-U,半导体,20200720,220.88,41.78,472574136316.0,468836729032.0
688981,2020-07-16,中芯国际,半导体,20200716,185.59,6.2,935500872121.0,233808848855.0
688599,2020-06-10,天合光能,光伏设备,20200610,-8.26,1.9,46289137475.0,46289137475.0
600918,2020-06-03,中泰证券,证券,20200603,28.87,1.13,50043915095.0,24811355056.0
300832,2020-05-12,新产业,医疗器械,20200512,25.46,4.68,40896662759.0,35497962744.0
688126,2020-04-20,沪硅产业,半导体,20200420,-80.81,3.39,68017381428.0,56217535161.0
603392,2020-04-29,万泰生物,生物制品,20200429,-219.6,4.2,50778015009.0,50778015009.0
688396,2020-02-27,华润微,半导体,20200227,113.24,3.47,79346432118.0,79346432118.0
688169,2020-02-21,石头科技,家电行业,20200221,27.75,2.79,38399563738.0,38399563738.0
603195,2020-02-06,公牛集团,家用轻工,20200206,19.47,4.94,77324290940.0,77014413137.0
601816,2020-01-16,京沪高铁,铁路公路,20200116,17.49,1.18,240225085707.0,240225085707.0
601658,2019-12-10,邮储银行,银行,20191210,5.96,0.61,608881921204.0,340310543664.0
601916,2019-11-26,浙商银行,银行,20191126,5.23,0.46,81295322450.0,63771530450.0
688111,2019-11-18,金山办公,软件开发,20191118,90.62,11.73,142384985341.0,142384985341.0
688036,2019-09-30,传音控股,消费电子,20190930,23.57,3.31,67493949873.0,67493949873.0
003816,2019-08-26,中国广核,电力行业,20190826,16.91,1.57,193410139255.0,150653455505.0
688008,2019-07-22,澜起科技,半导体,20190722,92.44,16.37,201174123457.0,188701805357.0
688012,2019-07-22,中微公司,半导体,20190722,133.57,10.05,215707058262.0,215707058262.0
688009,2019-07-22,中国通号,交运设备,20190722,19.02,1.26,57926309930.0,47156968460.0
601236,2019-07-05,红塔证券,证券,20190705,32.98,1.54,38017309201.0,38017309201.0
601698,2019-06-28,中国卫通,通信服务,20190628,392.18,9.42,149416512022.0,149416512022.0
300782,2019-06-18,卓胜微,半导体,20190618,-173.78,3.95,39559049492.0,33147904104.0
600989,2019-05-16,宝丰能源,化学原料,20190516,14.15,3.68,168887280800.0,168887280800.0
601865,2019-02-15,福莱特,光伏设备,20190215,45.83,1.8,38962098275.0,31614049625.0
300759,2019-01-28,康龙化成,医疗服务,20190128,36.11,3.76,54934780477.0,42458955425.0
601319,2018-11-16,中国人保,保险,20181116,6.29,1.26,392709036377.0,315220078457.0
300760,2018-10-16,迈瑞医疗,医疗器械,20181016,22.32,5.73,225235237763.0,225228591842.0
002938,2018-09-18,鹏鼎控股,电子元件,20180918,39.47,3.88,126704668535.0,126230938459.0
601066,2018-06-20,中信建投,证券,20180620,19.71,2.31,186315809024.0,156026018261.0
300750,2018-06-11,宁德时代,电池,20180611,25.5,5.31,1667360220756.0,1555118128145.0
601138,2018-06-08,工业富联,消费电子,20180608,36.26,7.02,1087236219010.0,1087236219010.0
603259,2018-05-08,药明康德,医疗服务,20180508,18.89,4.29,304074691666.0,252051989870.0
601838,2018-01-31,成都银行,银行,20180131,5.45,0.81,69001727596.0,69001727596.0
603659,2017-11-03,璞泰来,电池,20171103,26.66,3.06,60417365869.0,60417365869.0
603501,2017-05-04,豪威集团,半导体,20170504,34.12,5.32,146045579567.0,140168745365.0
002920,2017-12-26,德赛西威,汽车零部件,20171226,30.71,5.0,73190812207.0,68028395047.0
001965,2017-12-25,招商公路,铁路公路,20171225,12.19,0.98,65232911923.0,65232911923.0
002916,2017-12-13,深南电路,电子元件,20171213,51.62,8.97,160074149825.0,156230220750.0
600025,2017-12-15,华能水电,电力行业,20171215,16.72,2.45,168052470198.0,162360000000.0
603260,2017-10-30,合盛硅业,非金属材料,20171030,-132.36,1.77,56722289029.0,56722289029.0
603986,2016-08-18,兆易创新,半导体,20160818,149.85,11.83,216430326624.0,206163685438.0
601878,2017-06-26,浙商证券,证券,20170626,19.13,1.32,48253554541.0,48253554541.0
300661,2017-06-06,圣邦股份,半导体,20170606,95.09,8.87,43516640335.0,41735529401.0
603833,2017-03-28,欧派家居,装修建材,20170328,14.61,1.88,35690266478.0,35690266478.0
300628,2017-03-17,亿联网络,通信设备,20170317,17.52,5.27,45754319638.0,26212180950.0
002812,2016-09-14,恩捷股份,电池,20160914,-550.43,2.52,63353198837.0,53059908351.0
601881,2017-01-23,中国银河,证券,20170123,11.09,1.4,162157185456.0,107419883349.0
002129,2015-04-23,TCL中环,光伏设备,20070420,-5.42,1.66,41724954777.0,41693210664.0
601229,2016-11-16,上海银行,银行,20161116,5.88,0.59,141663830398.0,141663830398.0
600926,2016-10-27,杭州银行,银行,20161027,6.18,0.72,117651311354.0,117651311354.0
600745,2015-04-20,闻泰科技,半导体,19960828,20.47,1.22,41297541448.0,41297541448.0
000792,2015-04-20,盐湖股份,化肥行业,19970904,29.67,4.34,178114331730.0,178113295170.0
600919,2016-08-02,江苏银行,银行,20160802,4.68,0.75,190670261171.0,190670261171.0
002252,2015-04-20,上海莱士,生物制品,20080623,21.12,1.28,41421025383.0,41399215179.0
601127,2016-06-15,赛力斯,汽车整车,20160615,26.86,6.97,190259611093.0,164898411119.0
600515,2015-04-20,海南机场,航空机场,20020806,596.56,2.17,51185387017.0,41108536036.0
300413,2015-04-20,芒果超媒,文化传媒,20150121,36.25,2.12,49106421394.0,26819623898.0
300502,2016-03-03,新易盛,通信设备,20160303,43.14,25.06,363916749216.0,324160798417.0
600346,2015-04-20,恒力石化,化纤行业,20010820,25.83,2.68,172950681742.0,172950681742.0
002049,2015-04-21,紫光国微,半导体,20050606,39.1,5.02,65837414671.0,65825657501.0
001979,2015-12-30,招商蛇口,房地产开发,20151230,27.97,0.94,93135612326.0,86916859852.0
000301,2015-04-20,东方盛虹,化学原料,20000529,492.66,2.48,83037052782.0,83003460157.0
000975,2015-04-20,山金国际,贵金属,20000608,25.0,5.68,81996608485.0,74635079983.0
300450,2015-05-18,先导智能,电池,20150518,57.99,7.2,91725414583.0,85455907092.0
000100,2015-04-20,TCL科技,光学光电子,20040130,23.35,1.56,94851932758.0,82520026662.0
000538,2015-04-20,云南白药,中药,19931215,15.83,2.54,100810837070.0,100162867441.0
002555,2015-05-05,三七互娱,游戏,20110302,17.82,4.14,55704144808.0,40261996438.0
000651,2015-04-20,格力电器,家电行业,19961118,7.51,1.55,214925938282.0,211616518722.0
600584,2015-05-21,长电科技,半导体,20030603,64.91,2.93,82545694114.0,82545694114.0
601989,2015-04-20,中国重工,-,20091216,,,,
300308,2015-04-20,中际旭创,通信设备,20120410,62.05,22.36,590003835354.0,587020755942.0
601919,2015-04-20,中远海控,航运港口,20070626,6.07,0.94,219123663292.0,179678441647.0
002180,2015-05-18,纳思达,计算机设备,20071113,-63.65,3.15,30229145903.0,29021936729.0
300498,2015-11-02,温氏股份,农牧饲渔,20151102,14.62,2.38,102470479850.0,91669136497.0
601877,2015-04-20,正泰电器,电网设备,20100121,12.09,1.54,67370177398.0,67370177398.0
600150,2015-04-20,中国船舶,船舶制造,19980520,35.06,1.94,273556333819.0,273556333819.0
000002,2015-04-20,万  科Ａ,房地产开发,19910129,-1.59,0.34,59295626071.0,48290506156.0
000630,2015-10-23,铜陵有色,有色金属,19961120,40.05,2.67,94536774146.0,78558230723.0
000876,2015-04-20,新 希 望,农牧饲渔,19980311,38.13,1.73,38633803545.0,38615196837.0
000786,2015-10-26,北新建材,装修建材,19970606,13.35,1.71,46045484936.0,45701187126.0
600309,2015-04-20,万华化学,化学制品,20010105,21.78,2.53,265964869345.0,265964869345.0
601360,2015-04-20,三六零,软件开发,20120116,-554.0,3.08,90294296639.0,90294296639.0
600482,2015-04-20,中国动力,船舶制造,20040714,43.75,1.75,70447562102.0,70447562102.0
600161,2015-04-20,天坛生物,生物制品,19980616,29.53,2.81,32231154570.0,32231154570.0
600900,2015-04-20,长江电力,电力行业,20031118,18.62,2.87,636173660616.0,636173660616.0
000708,2015-04-20,中信特钢,钢铁行业,19970326,13.53,1.88,78130005917.0,78130005917.0
601600,2015-04-20,中国铝业,有色金属,20070430,15.02,2.97,217696586140.0,167170004020.0
000617,2015-04-20,中油资本,多元金融,19961022,20.73,1.06,110491771150.0,110491771150.0
600406,2015-04-20,国电南瑞,电网设备,20031016,32.42,4.26,209869788356.0,209253071180.0
600219,2015-04-20,南山铝业,有色金属,19991223,15.3,1.57,76940800445.0,76940800445.0
601872,2015-04-20,招商轮船,航运港口,20061201,22.37,2.41,98428624339.0,98428624339.0
600026,2015-04-20,中远海能,航运港口,20020523,25.52,2.04,92635493221.0,58897459895.0
600233,2015-04-20,圆通速递,物流行业,20000608,15.94,1.83,61127183624.0,61127183624.0
600050,2015-04-20,中国联通,通信服务,20021009,12.83,0.89,150069241570.0,147680765410.0
600019,2015-04-20,宝钢股份,钢铁行业,20001212,14.2,0.74,150732026463.0,150732026463.0
002027,2015-04-20,分众传媒,文化传媒,20040804,18.6,6.38,105139214005.0,105139214005.0
600438,2015-05-11,通威股份,光伏设备,20040302,-11.54,1.94,81080841503.0,81080841503.0
600460,2015-04-20,士兰微,半导体,20030311,113.56,4.43,52850921797.0,52850921797.0
600760,2015-04-20,中航沈飞,航天航空,19961011,86.93,7.37,157801371781.0,157305512259.0
601390,2015-04-20,中国中铁,工程建设,20071203,5.82,0.43,135774220610.0,112633575610.0
300316,2015-04-20,晶盛机电,光伏设备,20120511,55.71,3.84,66930272365.0,62944798181.0
600690,2015-04-20,海尔智家,家电行业,19931119,10.4,2.04,241005082005.0,160702830163.0
600875,2015-04-20,东方电气,电源设备,19951010,27.86,2.48,110183359986.0,72110859717.0
002601,2015-06-08,龙佰集团,化学原料,20110715,22.85,2.19,51022908398.0,42534699620.0
000938,2015-05-26,紫光股份,互联网服务,19991104,38.96,5.04,72932036787.0,72932036787.0
000063,2015-04-20,中兴通讯,通信设备,19971118,25.05,2.37,177756156401.0,149666404981.0
601618,2015-04-20,中国中冶,工程建设,20090921,11.74,0.6,62170857510.0,53557857510.0
002459,2015-04-20,晶澳科技,光伏设备,20100810,-8.29,1.73,39285991836.0,39239292490.0
002371,2015-04-20,北方华创,半导体,20100316,51.51,9.77,352355631290.0,352073996696.0
300418,2015-04-20,昆仑万维,互联网服务,20150121,-85.46,5.4,75811006392.0,75758693554.0
601211,2015-06-26,国泰海通,证券,20150626,11.75,1.1,345703235507.0,264674408885.0
601088,2015-04-20,中国神华,煤炭行业,20071009,15.82,2.08,823550152135.0,683553523235.0
600795,2015-04-20,国电电力,电力行业,19970318,9.14,1.35,82578916350.0,82578916350.0
600803,2015-04-20,新奥股份,燃气,19940103,12.94,2.49,59098537693.0,58639262837.0
000408,2015-04-20,藏格矿业,化肥行业,19960628,35.46,8.61,130046096201.0,130044667556.0
600886,2015-04-20,国投电力,电力行业,19960118,11.77,1.54,102297436668.0,95264417806.0
000858,2015-04-20,五 粮 液,酿酒行业,19980427,14.35,2.89,411683345010.0,411666004943.0
002230,2015-04-28,科大讯飞,软件开发,20080512,-1485.4,7.42,132052728800.0,125049983591.0
000333,2015-04-20,美的集团,家电行业,20130918,11.89,2.72,600771435960.0,541386672919.0
002050,2015-04-20,三花智控,家电行业,20050607,52.06,7.22,225044585244.0,197030884065.0
600332,2015-04-20,白云山,中药,20010206,9.25,1.08,40823610729.0,35301921729.0
002352,2015-04-20,顺丰控股,物流行业,20100205,17.21,1.94,190692046677.0,180573186624.0
002415,2015-04-20,海康威视,计算机设备,20100528,20.92,3.56,296758540789.0,292923520033.0
000425,2015-04-20,徐工机械,工程机械,19960828,17.38,2.31,138516179716.0,106218738581.0
600061,2015-04-20,国投资本,证券,19970519,12.74,0.9,48466396726.0,48466396726.0
601100,2015-04-20,恒立液压,工程机械,20111028,57.12,9.32,158940920392.0,158940920392.0
601169,2015-04-20,北京银行,银行,20070919,4.07,0.41,114383544912.0,114383544912.0
601985,2015-06-10,中国核电,电力行业,20150610,16.42,1.52,175239377670.0,160885587067.0
600547,2015-04-20,山东黄金,贵金属,20030828,39.68,6.88,209290800435.0,164095727954.0
600893,2015-04-20,航发动力,航天航空,19960408,1058.65,3.83,152392022586.0,152365182415.0
603799,2015-04-20,华友钴业,能源金属,20150129,24.46,2.88,137512743533.0,136595721483.0
002074,2015-04-20,国轩高科,电池,20061018,19.82,2.35,66958940506.0,64082860524.0
000807,2015-04-20,云铝股份,有色金属,19980408,17.86,3.24,104732313631.0,104731215740.0
300347,2015-04-20,泰格医药,医疗服务,20120817,38.53,2.48,52419265924.0,34471120861.0
600000,2015-04-20,浦发银行,银行,19991110,6.59,0.4,329394740787.0,329394740787.0
601888,2015-06-04,中国中免,旅游酒店,20091015,48.12,3.55,195796819924.0,184782285484.0
601766,2015-04-20,中国中车,交运设备,20080818,13.63,1.07,181089832395.0,153508405683.0
000166,2015-04-20,申万宏源,证券,20150126,11.76,1.14,125700521691.0,113128246726.0
601899,2015-04-20,紫金矿业,有色金属,20080425,19.9,5.99,1004560118029.0,778301742829.0
600372,2015-04-20,中航机载,航天航空,20010706,58.89,2.03,77712679878.0,77712679878.0
000963,2015-04-20,华东医药,化学制药,20000127,17.23,2.62,63144757728.0,63121513428.0
002466,2015-04-20,天齐锂业,能源金属,20100831,364.49,2.06,87427992929.0,75620967302.0
300433,2015-04-20,蓝思科技,消费电子,20150318,47.75,3.36,181008024432.0,170393347581.0
601021,2015-04-20,春秋航空,航空机场,20150121,17.84,3.06,55549771758.0,55549771758.0
600887,2015-04-20,伊利股份,食品饮料,19960312,12.05,3.14,167495550462.0,166663259012.0
000625,2015-04-23,长安汽车,汽车整车,19970610,26.87,1.43,109438682196.0,91269969817.0
600176,2015-04-20,中国巨石,玻璃玻纤,19990422,30.08,3.26,103000708011.0,103000708011.0
601111,2015-04-20,中国国航,航空机场,20060818,59.77,3.21,149009515340.0,99389454908.0
601633,2015-04-20,长城汽车,汽车整车,20110928,17.85,2.01,176891219201.0,128345059838.0
600039,2015-04-20,四川路桥,工程建设,20030325,11.75,1.67,83042890660.0,83042890660.0
600160,2015-04-20,巨化股份,化学制品,19980626,24.19,5.25,104777145404.0,104777145404.0
600104,2015-04-20,上汽集团,汽车整车,19971125,15.24,0.56,164612373857.0,164612373857.0
002648,2015-04-20,卫星化学,化学原料,20111228,14.96,2.34,74918680146.0,74870570466.0
300014,2015-04-20,亿纬锂能,电池,20091030,35.24,3.34,132287422647.0,127547928359.0
603806,2015-04-20,福斯特,光伏设备,20140905,51.33,2.96,47061655006.0,47061655006.0
603993,2015-04-20,洛阳钼业,小金属,20121009,24.7,6.05,470246937668.0,383789311028.0
601699,2015-04-20,潞安环能,煤炭行业,20060922,19.99,0.89,41431017420.0,41431017420.0
600489,2015-04-20,中金黄金,贵金属,20030814,29.16,4.9,143044193764.0,143044193764.0
300015,2015-04-20,爱尔眼科,医疗服务,20091030,23.2,4.44,96331347601.0,82178847345.0
000568,2015-04-20,泸州老窖,酿酒行业,19940509,11.92,3.44,171113253199.0,170802147274.0
601377,2015-04-20,兴业证券,证券,20101013,17.6,1.05,59156512964.0,59156512964.0
002475,2015-04-20,立讯精密,消费电子,20100915,24.1,4.71,370128014784.0,369279055090.0
002736,2015-04-29,国信证券,证券,20141229,10.41,1.32,126792779083.0,119001875687.0
601058,2015-04-20,赛轮轮胎,橡胶制品,20110630,13.24,2.41,50702505994.0,50702505994.0
002460,2015-04-20,赣锋锂业,能源金属,20100810,4086.58,3.34,139052772873.0,80338705882.0
600030,2015-04-20,中信证券,证券,20030106,13.62,1.28,409343503417.0,336316337902.0
000977,2015-04-20,浪潮信息,计算机设备,20000608,48.55,4.55,95935579871.0,95828121755.0
002714,2015-04-28,牧原股份,农牧饲渔,20140128,13.2,3.43,260160375624.0,172728798195.0
000895,2015-04-20,双汇发展,食品饮料,19981210,17.34,4.52,91501702635.0,91489843330.0
000661,2015-04-20,长春高新,生物制品,19961218,22.95,1.55,35645581284.0,34918320952.0
002709,2015-04-20,天赐材料,化学制品,20140123,156.85,5.36,87965811138.0,65067373708.0
300442,2015-04-24,润泽科技,互联网服务,20150424,19.94,9.23,125027283335.0,124570611842.0
002001,2015-04-20,新 和 成,化学制药,20040625,12.75,2.81,90450800042.0,89374846541.0
000800,2015-04-20,一汽解放,汽车整车,19970618,68.34,1.28,33907625918.0,33904730106.0
300124,2015-04-20,汇川技术,电子元件,20100928,35.85,5.91,203367013333.0,180180335612.0
601901,2015-04-20,方正证券,证券,20110810,12.42,1.25,62893254658.0,62893254658.0
601669,2015-04-24,中国电建,工程建设,20111018,9.4,0.65,93710306777.0,71109100624.0
601799,2015-04-20,星宇股份,汽车零部件,20110201,28.45,3.91,43280431979.0,43280431979.0
600999,2015-04-20,招商证券,证券,20091117,11.89,1.06,146188615609.0,124763908622.0
601012,2015-04-20,隆基绿能,光伏设备,20120411,-30.28,2.41,137390304653.0,137390167844.0
600809,2015-04-20,山西汾酒,酿酒行业,19940106,13.31,5.22,202318866576.0,202318866576.0
300394,2015-04-20,天孚通信,通信设备,20150217,123.98,49.66,242227243318.0,241740086430.0
600958,2015-04-20,东方证券,证券,20150323,12.69,1.1,86495849073.0,76039335556.0
600009,2015-04-20,上海机场,航空机场,19980218,35.12,1.82,76515625980.0,62923095086.0
600027,2015-04-20,华电国际,电力行业,20050203,6.56,1.16,56317104792.0,41275088535.0
601818,2015-04-20,光大银行,银行,20100818,3.94,0.4,194391462991.0,152678423196.0
300059,2015-04-20,东方财富,互联网服务,20100319,29.15,3.98,353536322790.0,299229754999.0
002241,2015-04-24,歌尔股份,消费电子,20080522,26.89,2.55,92754071421.0,82102298813.0
300408,2015-04-20,三环集团,电子元件,20141203,41.66,5.18,108799555752.0,106149001125.0
603019,2015-04-27,中科曙光,计算机设备,20141106,104.16,6.4,134167717393.0,134130219429.0
002594,2015-04-20,比亚迪,汽车整车,20110630,26.45,3.74,823009424193.0,314793319362.0
601689,2015-04-20,拓普集团,汽车零部件,20150319,47.73,5.38,125141540116.0,125141540116.0
601238,2015-04-20,广汽集团,汽车整车,20120329,-13.87,0.72,79741055338.0,57740515193.0
000983,2015-04-20,山西焦煤,煤炭行业,20000726,20.73,1.08,39626165392.0,39625922313.0
300274,2015-04-20,阳光电源,光伏设备,20111102,19.52,7.19,309240216004.0,237121061413.0
600010,2015-04-20,包钢股份,钢铁行业,20010309,382.63,2.28,118656182692.0,82217691512.0
600089,2015-04-20,特变电工,电网设备,19970618,19.87,2.11,145267786416.0,145267786416.0
600362,2015-04-20,江西铜业,有色金属,20020111,23.73,2.36,190553999157.0,114200864697.0
600115,2015-04-24,中国东航,航空机场,19971105,46.71,7.99,130980278453.0,100958041815.0
601009,2015-04-20,南京银行,银行,20070719,6.41,0.68,139831945541.0,139831945541.0
002142,2015-04-20,宁波银行,银行,20070719,7.02,0.83,206032032710.0,205916485819.0
600048,2015-04-20,保利发展,房地产开发,20060731,78.67,0.42,80680788637.0,80680788637.0
600426,2015-04-20,华鲁恒升,化学原料,20020620,23.9,2.31,75649140767.0,75516236948.0
600415,2015-04-20,小商品城,商业百货,20020509,17.95,3.73,82746908720.0,82746908720.0
600570,2015-04-20,恒生电子,软件开发,20031216,94.88,6.37,57581579573.0,57581579573.0
600436,2015-04-20,片仔癀,中药,20030616,35.6,6.98,101079765363.0,101079765363.0
600588,2015-04-20,用友网络,软件开发,20010518,-26.76,6.73,49888162171.0,49888162171.0
002236,2015-04-20,大华股份,计算机设备,20080520,16.13,1.65,62185415460.0,40034001986.0
000768,2015-04-20,中航西飞,航天航空,19970626,63.86,3.87,84491308777.0,84235718343.0
601166,2015-04-20,兴业银行,银行,20070205,5.05,0.44,391301207348.0,391301207348.0
600845,2015-04-20,宝信软件,互联网服务,19940311,46.89,6.24,68640321156.0,51025234798.0
002422,2015-04-20,科伦药业,化学制药,20100603,31.5,2.13,50434564420.0,41213714978.0
000725,2015-04-20,京东方Ａ,光学光电子,20010112,25.24,1.16,154845291308.0,151908154233.0
300122,2015-04-20,智飞生物,生物制品,20100928,-25.15,1.38,40455046724.0,23901775591.0
600741,2015-04-23,华域汽车,汽车零部件,19960826,9.61,0.93,60059391895.0,60059391895.0
600018,2015-04-20,上港集团,航运港口,20061026,8.7,0.83,116632602125.0,116466058934.0
002007,2015-04-20,华兰生物,生物制品,20040625,26.75,2.46,27978361556.0,24093391077.0
603369,2015-04-20,今世缘,酿酒行业,20140703,11.88,2.45,40383853198.0,40383853198.0
601117,2015-04-20,中国化学,工程建设,20100107,8.99,0.78,50746395806.0,50591839778.0
600029,2015-04-20,南方航空,航空机场,20030725,44.77,3.72,137719011160.0,102424631619.0
601998,2015-04-20,中信银行,银行,20070427,5.78,0.49,408435491018.0,299200414767.0
600196,2015-04-20,复星医药,化学制药,19980807,21.09,1.48,70953307165.0,56288248080.0
000338,2015-04-20,潍柴动力,汽车零部件,20070430,19.72,2.48,233436842920.0,134140636220.0
000157,2015-04-20,中联重科,工程机械,20001012,15.88,1.47,83025938266.0,67876006685.0
600066,2015-04-20,宇通客车,汽车整车,19970508,16.1,5.27,70668939998.0,70668939998.0
600031,2015-04-20,三一重工,工程机械,20030703,22.34,2.9,212588502583.0,195927897655.0
600276,2015-04-20,恒瑞医药,化学制药,20001018,50.4,6.5,386484148663.0,371449302415.0
300033,2015-04-20,同花顺,软件开发,20091225,112.79,24.18,181402368000.0,105666391099.0
600188,2015-04-20,兖矿能源,煤炭行业,19980701,18.34,3.34,174150287438.0,102779857307.0
601607,2015-04-20,上海医药,医药商业,19940324,9.27,0.84,63635488642.0,47862800786.0
002271,2015-04-20,东方雨虹,装修建材,20080910,37.68,1.95,40679558718.0,32612137040.0
002304,2015-04-20,洋河股份,酿酒行业,20091106,15.37,1.68,81453485151.0,81451562963.0
601288,2015-04-20,农业银行,银行,20100715,7.74,0.84,2278389550513.0,2078279812158.0
601808,2015-04-20,中海油服,采掘行业,20070928,17.62,1.64,75391153600.0,46775394400.0
002311,2015-04-20,海大集团,农牧饲渔,20091127,16.05,3.51,88644598402.0,88579135024.0
002463,2015-04-20,沪电股份,电子元件,20100818,34.82,8.81,133108225854.0,133000801317.0
600674,2015-04-20,川投能源,电力行业,19930924,12.0,1.52,67513304568.0,67513304568.0
600660,2015-04-20,福耀玻璃,玻璃玻纤,19930610,16.45,4.37,154966570930.0,118937328394.0
600600,2015-04-20,青岛啤酒,酿酒行业,19930827,11.94,2.68,83952567746.0,43639610532.0
601601,2015-04-20,中国太保,保险,20071225,6.77,1.45,412616445005.0,293583828005.0
601668,2015-04-20,中国建筑,工程建设,20090729,4.06,0.43,206601952220.0,206601952220.0
002493,2015-04-20,荣盛石化,化纤行业,20101102,123.03,3.34,145745962486.0,136594476173.0
600519,2015-04-20,贵州茅台,酿酒行业,20010827,21.59,8.19,1859996950340.0,1859996950340.0
601688,2015-04-20,华泰证券,证券,20100226,11.79,1.17,200215838773.0,162063894791.0
000001,2015-04-20,平安银行,银行,19910403,4.14,0.47,211718567540.0,211715103124.0
000999,2015-04-20,华润三九,中药,20000309,13.97,2.16,47812979060.0,47769198706.0
601788,2015-04-20,光大证券,证券,20090818,20.65,1.07,77000153571.0,65241870611.0
600377,2015-04-20,宁沪高速,铁路公路,20010116,11.82,1.5,60452970000.0,45626196012.0
601628,2015-04-20,中国人寿,保险,20070109,5.99,2.14,1339464369950.0,986827086700.0
600585,2015-04-20,海螺水泥,水泥建材,20020207,15.55,0.69,130680801598.0,98632665598.0
601939,2015-04-20,建设银行,银行,20070925,6.63,0.67,2275923318693.0,83464821172.0
600016,2015-04-20,民生银行,银行,20001219,4.52,0.31,172064904713.0,139366144227.0
002028,2015-04-20,思源电气,电网设备,20040805,52.51,10.71,166082488836.0,129591391556.0
600111,2015-04-20,北方稀土,小金属,19970924,96.29,8.28,197888704191.0,197888704191.0
600028,2015-04-20,中国石化,石油行业,20010808,19.27,0.93,770295525594.0,603573268139.0
601988,2015-04-20,中国银行,银行,20060705,7.22,0.65,1710947906732.0,1119164883832.0
600036,2015-04-20,招商银行,银行,20020409,6.5,0.77,976260223215.0,798546438847.0
600183,2015-04-20,生益科技,电子元件,19981028,47.91,10.05,156070910528.0,153846724202.0
600011,2015-04-20,华能国际,电力行业,20011206,5.53,1.64,109415710712.0,76654038135.0
601225,2015-04-20,陕西煤业,煤炭行业,20140128,13.02,2.34,220755150000.0,220755150000.0
601857,2015-04-20,中国石油,石油行业,20071105,11.46,1.24,1929041106202.0,1706658700202.0
600023,2015-04-20,浙能电力,电力行业,20131219,8.01,0.89,66507314435.0,66507314435.0
600015,2015-04-20,华夏银行,银行,20030912,3.94,0.27,107107468590.0,103556017406.0
600085,2015-04-20,同仁堂,中药,19970625,26.73,3.07,41966990017.0,41966990017.0
000776,2015-04-20,广发证券,证券,19970611,11.34,1.3,165338985647.0,124752561941.0
601898,2015-04-20,中煤能源,煤炭行业,20080201,11.49,1.21,191189926228.0,131971845768.0
603288,2015-04-20,海天味业,食品饮料,20140211,29.39,5.52,208559041004.0,198179803388.0
601336,2015-04-20,新华保险,保险,20111216,5.53,2.46,242388770820.0,162038636718.0
601800,2015-04-20,中国交建,工程建设,20120309,7.17,0.44,130522646685.0,94463066545.0
000596,2015-04-20,古井贡酒,酿酒行业,19960927,12.93,2.68,68247546000.0,52754346000.0
601006,2015-04-20,大秦铁路,物流行业,20060801,12.24,0.61,101541775689.0,101541775689.0
601328,2015-04-20,XD交通银,银行,20070515,6.3,0.52,587619165083.0,173381723134.0
601398,2015-04-20,工商银行,银行,20061027,7.04,0.67,2534048487903.0,1916942831152.0
601318,2015-04-20,中国平安,保险,20070301,6.67,1.2,1182247945854.0,695995649269.0
002179,2015-04-20,中航光电,电子元件,20071101,34.2,2.99,72635514305.0,71926673825.0
601186,2015-04-20,中国铁建,工程建设,20080310,4.93,0.36,97365312555.0,82478270235.0
